Genome	Num bases covered	Frac bases covered	Frac bases covered over unambig	Average coverage/depth	Average coverage/depth over unambig
ebola_zaire, genome 0	18959	1.0	1.0	1.49269476238	1.49269476238
ebola_zaire, genome 0 (rc)	18959	1.0	1.0	1.49269476238	1.49269476238
ebola_zaire, genome 1	18959	1.0	1.0	1.49269476238	1.49269476238
ebola_zaire, genome 1 (rc)	18959	1.0	1.0	1.49269476238	1.49269476238
ebola_zaire, genome 2	18959	1.0	1.0	1.43467482462	1.43467482462
ebola_zaire, genome 2 (rc)	18959	1.0	1.0	1.43467482462	1.43467482462
ebola_zaire, genome 3	18959	1.0	1.0	1.43467482462	1.43467482462
ebola_zaire, genome 3 (rc)	18959	1.0	1.0	1.43467482462	1.43467482462
ebola_zaire, genome 4	18958	1.0	1.0	1.4611245912	1.4611245912
ebola_zaire, genome 4 (rc)	18958	1.0	1.0	1.4611245912	1.4611245912
ebola_zaire, genome 5	18958	1.0	1.0	1.46639940922	1.46639940922
ebola_zaire, genome 5 (rc)	18958	1.0	1.0	1.46639940922	1.46639940922
ebola_zaire, genome 6	18958	1.0	1.0	1.46639940922	1.46639940922
ebola_zaire, genome 6 (rc)	18958	1.0	1.0	1.46639940922	1.46639940922
ebola_zaire, genome 7	18958	1.0	1.0	1.4611245912	1.4611245912
ebola_zaire, genome 7 (rc)	18958	1.0	1.0	1.4611245912	1.4611245912
ebola_zaire, genome 8	18958	1.0	1.0	1.4611245912	1.4611245912
ebola_zaire, genome 8 (rc)	18958	1.0	1.0	1.4611245912	1.4611245912
ebola_zaire, genome 9	18958	1.0	1.0	1.4611245912	1.4611245912
ebola_zaire, genome 9 (rc)	18958	1.0	1.0	1.4611245912	1.4611245912
ebola_zaire, genome 10	18958	1.0	1.0	1.46639940922	1.46639940922
ebola_zaire, genome 10 (rc)	18958	1.0	1.0	1.46639940922	1.46639940922
ebola_zaire, genome 11	18959	1.0	1.0	1.43994936442	1.43994936442
ebola_zaire, genome 11 (rc)	18959	1.0	1.0	1.43994936442	1.43994936442
ebola_zaire, genome 12	18958	1.0	1.0	1.42420086507	1.42420086507
ebola_zaire, genome 12 (rc)	18958	1.0	1.0	1.42420086507	1.42420086507
ebola_zaire, genome 13	18959	1.0	1.0	1.45049844401	1.45049844401
ebola_zaire, genome 13 (rc)	18959	1.0	1.0	1.45049844401	1.45049844401
ebola_zaire, genome 14	18958	1.0	1.0	1.42420086507	1.42420086507
ebola_zaire, genome 14 (rc)	18958	1.0	1.0	1.42420086507	1.42420086507
ebola_zaire, genome 15	18958	1.0	1.0	1.42420086507	1.42420086507
ebola_zaire, genome 15 (rc)	18958	1.0	1.0	1.42420086507	1.42420086507
ebola_zaire, genome 16	18959	1.0	1.0	1.45049844401	1.45049844401
ebola_zaire, genome 16 (rc)	18959	1.0	1.0	1.45049844401	1.45049844401
ebola_zaire, genome 17	18958	1.0	1.0	1.3767275029	1.3767275029
ebola_zaire, genome 17 (rc)	18958	1.0	1.0	1.3767275029	1.3767275029
ebola_zaire, genome 18	18959	1.0	1.0	1.55071470014	1.55071470014
ebola_zaire, genome 18 (rc)	18959	1.0	1.0	1.55071470014	1.55071470014
ebola_zaire, genome 19	18959	1.0	1.0	1.56126377974	1.56126377974
ebola_zaire, genome 19 (rc)	18959	1.0	1.0	1.56126377974	1.56126377974
ebola_zaire, genome 20	18959	1.0	1.0	1.55598923994	1.55598923994
ebola_zaire, genome 20 (rc)	18959	1.0	1.0	1.55598923994	1.55598923994
ebola_zaire, genome 21	18944	1.0	1.00010558547	1.36190878378	1.36205258156
ebola_zaire, genome 21 (rc)	18944	1.0	1.00010558547	1.36190878378	1.36205258156
ebola_zaire, genome 22	18959	1.0	1.0	1.48214568279	1.48214568279
ebola_zaire, genome 22 (rc)	18959	1.0	1.0	1.48214568279	1.48214568279
ebola_zaire, genome 23	18960	1.0	1.0	1.48734177215	1.48734177215
ebola_zaire, genome 23 (rc)	18960	1.0	1.0	1.48734177215	1.48734177215
ebola_zaire, genome 24	18959	1.0	1.0	1.49269476238	1.49269476238
ebola_zaire, genome 24 (rc)	18959	1.0	1.0	1.49269476238	1.49269476238
ebola_zaire, genome 25	18959	1.0	1.0	1.48214568279	1.48214568279
ebola_zaire, genome 25 (rc)	18959	1.0	1.0	1.48214568279	1.48214568279
ebola_zaire, genome 26	18959	1.0	1.0	1.49269476238	1.49269476238
ebola_zaire, genome 26 (rc)	18959	1.0	1.0	1.49269476238	1.49269476238
ebola_zaire, genome 27	18959	1.0	1.0	1.49269476238	1.49269476238
ebola_zaire, genome 27 (rc)	18959	1.0	1.0	1.49269476238	1.49269476238
ebola_zaire, genome 28	18960	1.0	1.0	1.48734177215	1.48734177215
ebola_zaire, genome 28 (rc)	18960	1.0	1.0	1.48734177215	1.48734177215
ebola_zaire, genome 29	18959	1.0	1.0	1.49269476238	1.49269476238
ebola_zaire, genome 29 (rc)	18959	1.0	1.0	1.49269476238	1.49269476238
ebola_zaire, genome 30	18959	1.0	1.0	1.49269476238	1.49269476238
ebola_zaire, genome 30 (rc)	18959	1.0	1.0	1.49269476238	1.49269476238
ebola_zaire, genome 31	18959	1.0	1.0	1.48214568279	1.48214568279
ebola_zaire, genome 31 (rc)	18959	1.0	1.0	1.48214568279	1.48214568279
ebola_zaire, genome 32	18959	1.0	1.0	1.49269476238	1.49269476238
ebola_zaire, genome 32 (rc)	18959	1.0	1.0	1.49269476238	1.49269476238
ebola_zaire, genome 33	18960	1.0	1.0	1.48734177215	1.48734177215
ebola_zaire, genome 33 (rc)	18960	1.0	1.0	1.48734177215	1.48734177215
ebola_zaire, genome 34	18959	1.0	1.0	1.49269476238	1.49269476238
ebola_zaire, genome 34 (rc)	18959	1.0	1.0	1.49269476238	1.49269476238
ebola_zaire, genome 35	18959	1.0	1.0	1.49269476238	1.49269476238
ebola_zaire, genome 35 (rc)	18959	1.0	1.0	1.49269476238	1.49269476238
ebola_zaire, genome 36	18959	1.0	1.0	1.48214568279	1.48214568279
ebola_zaire, genome 36 (rc)	18959	1.0	1.0	1.48214568279	1.48214568279
ebola_zaire, genome 37	18959	1.0	1.0	1.49269476238	1.49269476238
ebola_zaire, genome 37 (rc)	18959	1.0	1.0	1.49269476238	1.49269476238
ebola_zaire, genome 38	18961	1.0	1.0	1.42924951216	1.42924951216
ebola_zaire, genome 38 (rc)	18961	1.0	1.0	1.42924951216	1.42924951216
ebola_zaire, genome 39	18959	1.0	1.0	1.49269476238	1.49269476238
ebola_zaire, genome 39 (rc)	18959	1.0	1.0	1.49269476238	1.49269476238
ebola_zaire, genome 40	18959	1.0	1.0	1.49269476238	1.49269476238
ebola_zaire, genome 40 (rc)	18959	1.0	1.0	1.49269476238	1.49269476238
ebola_zaire, genome 41	18486	0.988556149733	1.00102886229	1.19251336898	1.20755943034
ebola_zaire, genome 41 (rc)	18486	0.988556149733	1.00102886229	1.19251336898	1.20755943034
ebola_zaire, genome 42	18957	1.0	1.0	1.55087830353	1.55087830353
ebola_zaire, genome 42 (rc)	18957	1.0	1.0	1.55087830353	1.55087830353
ebola_zaire, genome 43	18908	1.0	1.0	1.4279669981	1.4279669981
ebola_zaire, genome 43 (rc)	18908	1.0	1.0	1.4279669981	1.4279669981
ebola_zaire, genome 44	18952	1.0	1.0	1.52490502322	1.52490502322
ebola_zaire, genome 44 (rc)	18952	1.0	1.0	1.52490502322	1.52490502322
ebola_zaire, genome 45	18926	1.0	1.0	1.45302758111	1.45302758111
ebola_zaire, genome 45 (rc)	18926	1.0	1.0	1.45302758111	1.45302758111
ebola_zaire, genome 46	18915	1.0	1.0	1.44858577848	1.44858577848
ebola_zaire, genome 46 (rc)	18915	1.0	1.0	1.44858577848	1.44858577848
ebola_zaire, genome 47	18956	1.0	1.0	1.54568474362	1.54568474362
ebola_zaire, genome 47 (rc)	18956	1.0	1.0	1.54568474362	1.54568474362
ebola_zaire, genome 48	18932	1.0	1.0	1.46841326854	1.46841326854
ebola_zaire, genome 48 (rc)	18932	1.0	1.0	1.46841326854	1.46841326854
ebola_zaire, genome 49	18950	1.0	1.0	1.51978891821	1.51978891821
ebola_zaire, genome 49 (rc)	18950	1.0	1.0	1.51978891821	1.51978891821
ebola_zaire, genome 50	18948	1.0	1.0	1.50939413131	1.50939413131
ebola_zaire, genome 50 (rc)	18948	1.0	1.0	1.50939413131	1.50939413131
ebola_zaire, genome 51	18927	1.0	1.0	1.45823426851	1.45823426851
ebola_zaire, genome 51 (rc)	18927	1.0	1.0	1.45823426851	1.45823426851
ebola_zaire, genome 52	18769	1.0	1.0	1.3000159838	1.3000159838
ebola_zaire, genome 52 (rc)	18769	1.0	1.0	1.3000159838	1.3000159838
ebola_zaire, genome 53	18926	1.0	1.0	1.45302758111	1.45302758111
ebola_zaire, genome 53 (rc)	18926	1.0	1.0	1.45302758111	1.45302758111
ebola_zaire, genome 54	18893	0.999048173021	1.00021176346	1.40658875787	1.40822701043
ebola_zaire, genome 54 (rc)	18893	0.999048173021	1.00021176346	1.40658875787	1.40822701043
ebola_zaire, genome 55	18807	0.998513405893	1.00021273201	1.33262543138	1.33489336808
ebola_zaire, genome 55 (rc)	18807	0.998513405893	1.00021273201	1.33262543138	1.33489336808
ebola_zaire, genome 56	18613	1.0	1.0	1.24644065975	1.24644065975
ebola_zaire, genome 56 (rc)	18613	1.0	1.0	1.24644065975	1.24644065975
ebola_zaire, genome 57	18685	1.0	1.0	1.24698956382	1.24698956382
ebola_zaire, genome 57 (rc)	18685	1.0	1.0	1.24698956382	1.24698956382
ebola_zaire, genome 58	18926	1.0	1.0	1.45302758111	1.45302758111
ebola_zaire, genome 58 (rc)	18926	1.0	1.0	1.45302758111	1.45302758111
ebola_zaire, genome 59	18835	1.0	1.0	1.34855322538	1.34855322538
ebola_zaire, genome 59 (rc)	18835	1.0	1.0	1.34855322538	1.34855322538
ebola_zaire, genome 60	18939	1.0	1.0	1.47843075136	1.47843075136
ebola_zaire, genome 60 (rc)	18939	1.0	1.0	1.47843075136	1.47843075136
ebola_zaire, genome 61	18958	1.0	1.0	1.55607131554	1.55607131554
ebola_zaire, genome 61 (rc)	18958	1.0	1.0	1.55607131554	1.55607131554
ebola_zaire, genome 62	18923	1.0	1.0	1.44268879142	1.44268879142
ebola_zaire, genome 62 (rc)	18923	1.0	1.0	1.44268879142	1.44268879142
ebola_zaire, genome 63	18749	1.0	1.0	1.2854018881	1.2854018881
ebola_zaire, genome 63 (rc)	18749	1.0	1.0	1.2854018881	1.2854018881
ebola_zaire, genome 64	18956	1.0	1.0	1.54568474362	1.54568474362
ebola_zaire, genome 64 (rc)	18956	1.0	1.0	1.54568474362	1.54568474362
ebola_zaire, genome 65	18958	1.0	1.0	1.55607131554	1.55607131554
ebola_zaire, genome 65 (rc)	18958	1.0	1.0	1.55607131554	1.55607131554
ebola_zaire, genome 66	18915	1.0	1.0	1.43272535025	1.43272535025
ebola_zaire, genome 66 (rc)	18915	1.0	1.0	1.43272535025	1.43272535025
ebola_zaire, genome 67	18876	1.0	1.0	1.39330366603	1.39330366603
ebola_zaire, genome 67 (rc)	18876	1.0	1.0	1.39330366603	1.39330366603
ebola_zaire, genome 68	18945	1.0	1.0	1.50435471101	1.50435471101
ebola_zaire, genome 68 (rc)	18945	1.0	1.0	1.50435471101	1.50435471101
ebola_zaire, genome 69	18914	1.0	1.0	1.42751401079	1.42751401079
ebola_zaire, genome 69 (rc)	18914	1.0	1.0	1.42751401079	1.42751401079
ebola_zaire, genome 70	18921	1.0	1.0	1.5274034142	1.5274034142
ebola_zaire, genome 70 (rc)	18921	1.0	1.0	1.5274034142	1.5274034142
ebola_zaire, genome 71	18950	1.0	1.0	1.51978891821	1.51978891821
ebola_zaire, genome 71 (rc)	18950	1.0	1.0	1.51978891821	1.51978891821
ebola_zaire, genome 72	18945	1.0	1.0	1.50435471101	1.50435471101
ebola_zaire, genome 72 (rc)	18945	1.0	1.0	1.50435471101	1.50435471101
ebola_zaire, genome 73	18876	1.0	1.0	1.39330366603	1.39330366603
ebola_zaire, genome 73 (rc)	18876	1.0	1.0	1.39330366603	1.39330366603
ebola_zaire, genome 74	18932	1.0	1.0	1.46841326854	1.46841326854
ebola_zaire, genome 74 (rc)	18932	1.0	1.0	1.46841326854	1.46841326854
ebola_zaire, genome 75	18953	1.0	1.0	1.5301007756	1.5301007756
ebola_zaire, genome 75 (rc)	18953	1.0	1.0	1.5301007756	1.5301007756
ebola_zaire, genome 76	18950	1.0	1.0	1.51978891821	1.51978891821
ebola_zaire, genome 76 (rc)	18950	1.0	1.0	1.51978891821	1.51978891821
ebola_zaire, genome 77	18953	1.0	1.0	1.52482456603	1.52482456603
ebola_zaire, genome 77 (rc)	18953	1.0	1.0	1.52482456603	1.52482456603
ebola_zaire, genome 78	18953	1.0	1.0	1.5301007756	1.5301007756
ebola_zaire, genome 78 (rc)	18953	1.0	1.0	1.5301007756	1.5301007756
ebola_zaire, genome 79	18862	1.0	1.0	1.37313116319	1.37313116319
ebola_zaire, genome 79 (rc)	18862	1.0	1.0	1.37313116319	1.37313116319
ebola_zaire, genome 80	18925	1.0	1.0	1.44782034346	1.44782034346
ebola_zaire, genome 80 (rc)	18925	1.0	1.0	1.44782034346	1.44782034346
ebola_zaire, genome 81	18880	1.0	1.0	1.42478813559	1.42478813559
ebola_zaire, genome 81 (rc)	18880	1.0	1.0	1.42478813559	1.42478813559
ebola_zaire, genome 82	18948	1.0	1.0	1.50939413131	1.50939413131
ebola_zaire, genome 82 (rc)	18948	1.0	1.0	1.50939413131	1.50939413131
ebola_zaire, genome 83	18886	1.0	1.0	1.40845070423	1.40845070423
ebola_zaire, genome 83 (rc)	18886	1.0	1.0	1.40845070423	1.40845070423
ebola_zaire, genome 84	18799	1.0	1.0	1.33517740305	1.33517740305
ebola_zaire, genome 84 (rc)	18799	1.0	1.0	1.33517740305	1.33517740305
ebola_zaire, genome 85	18914	1.0	1.0	1.50153325579	1.50153325579
ebola_zaire, genome 85 (rc)	18914	1.0	1.0	1.50153325579	1.50153325579
ebola_zaire, genome 86	18921	1.0	1.0	1.4269858887	1.4269858887
ebola_zaire, genome 86 (rc)	18921	1.0	1.0	1.4269858887	1.4269858887
ebola_zaire, genome 87	18859	1.0	1.0	1.36274457819	1.36274457819
ebola_zaire, genome 87 (rc)	18859	1.0	1.0	1.36274457819	1.36274457819
ebola_zaire, genome 88	18830	1.0	1.0	1.33828996283	1.33828996283
ebola_zaire, genome 88 (rc)	18830	1.0	1.0	1.33828996283	1.33828996283
ebola_zaire, genome 89	18882	1.0	1.0	1.40874907319	1.40874907319
ebola_zaire, genome 89 (rc)	18882	1.0	1.0	1.40874907319	1.40874907319
ebola_zaire, genome 90	18921	1.0	1.0	1.43227102162	1.43227102162
ebola_zaire, genome 90 (rc)	18921	1.0	1.0	1.43227102162	1.43227102162
ebola_zaire, genome 91	18773	1.0	1.0	1.30506578597	1.30506578597
ebola_zaire, genome 91 (rc)	18773	1.0	1.0	1.30506578597	1.30506578597
ebola_zaire, genome 92	18812	1.0	1.0	1.32362321922	1.32362321922
ebola_zaire, genome 92 (rc)	18812	1.0	1.0	1.32362321922	1.32362321922
ebola_zaire, genome 93	18925	1.0	1.0	1.44782034346	1.44782034346
ebola_zaire, genome 93 (rc)	18925	1.0	1.0	1.44782034346	1.44782034346
ebola_zaire, genome 94	18945	1.0	1.0	1.49907627342	1.49907627342
ebola_zaire, genome 94 (rc)	18945	1.0	1.0	1.49907627342	1.49907627342
ebola_zaire, genome 95	18870	1.0	1.0	1.37784843667	1.37784843667
ebola_zaire, genome 95 (rc)	18870	1.0	1.0	1.37784843667	1.37784843667
ebola_zaire, genome 96	18912	1.0	1.0	1.41708967851	1.41708967851
ebola_zaire, genome 96 (rc)	18912	1.0	1.0	1.41708967851	1.41708967851
ebola_zaire, genome 97	18897	1.0	1.0	1.44996560301	1.44996560301
ebola_zaire, genome 97 (rc)	18897	1.0	1.0	1.44996560301	1.44996560301
ebola_zaire, genome 98	18811	1.0	1.0	1.32369358354	1.32369358354
ebola_zaire, genome 98 (rc)	18811	1.0	1.0	1.32369358354	1.32369358354
ebola_zaire, genome 99	18931	1.0	1.0	1.463208494	1.463208494
ebola_zaire, genome 99 (rc)	18931	1.0	1.0	1.463208494	1.463208494
ebola_zaire, genome 100	18890	1.0	1.0	1.42932768661	1.42932768661
ebola_zaire, genome 100 (rc)	18890	1.0	1.0	1.42932768661	1.42932768661
ebola_zaire, genome 101	18912	1.0	1.0	1.41708967851	1.41708967851
ebola_zaire, genome 101 (rc)	18912	1.0	1.0	1.41708967851	1.41708967851
ebola_zaire, genome 102	18949	1.0	1.0	1.51459179904	1.51459179904
ebola_zaire, genome 102 (rc)	18949	1.0	1.0	1.51459179904	1.51459179904
ebola_zaire, genome 103	18901	1.0	1.0	1.39146076927	1.39146076927
ebola_zaire, genome 103 (rc)	18901	1.0	1.0	1.39146076927	1.39146076927
ebola_zaire, genome 104	18959	1.0	1.0	1.56126377974	1.56126377974
ebola_zaire, genome 104 (rc)	18959	1.0	1.0	1.56126377974	1.56126377974
ebola_zaire, genome 105	18958	1.0	1.0	1.55607131554	1.55607131554
ebola_zaire, genome 105 (rc)	18958	1.0	1.0	1.55607131554	1.55607131554
ebola_zaire, genome 106	18925	1.0	1.0	1.44782034346	1.44782034346
ebola_zaire, genome 106 (rc)	18925	1.0	1.0	1.44782034346	1.44782034346
ebola_zaire, genome 107	18910	1.0	1.0	1.4066631412	1.4066631412
ebola_zaire, genome 107 (rc)	18910	1.0	1.0	1.4066631412	1.4066631412
ebola_zaire, genome 108	18876	1.0	1.0	1.39330366603	1.39330366603
ebola_zaire, genome 108 (rc)	18876	1.0	1.0	1.39330366603	1.39330366603
ebola_zaire, genome 109	18925	1.0	1.0	1.44782034346	1.44782034346
ebola_zaire, genome 109 (rc)	18925	1.0	1.0	1.44782034346	1.44782034346
ebola_zaire, genome 110	18803	1.0	1.0	1.32425676754	1.32425676754
ebola_zaire, genome 110 (rc)	18803	1.0	1.0	1.32425676754	1.32425676754
ebola_zaire, genome 111	18955	1.0	1.0	1.54049063572	1.54049063572
ebola_zaire, genome 111 (rc)	18955	1.0	1.0	1.54049063572	1.54049063572
ebola_zaire, genome 112	18937	1.0	1.0	1.47330622591	1.47330622591
ebola_zaire, genome 112 (rc)	18937	1.0	1.0	1.47330622591	1.47330622591
ebola_zaire, genome 113	18890	1.0	1.0	1.42932768661	1.42932768661
ebola_zaire, genome 113 (rc)	18890	1.0	1.0	1.42932768661	1.42932768661
ebola_zaire, genome 114	18711	1.0	1.0	1.27197904976	1.27197904976
ebola_zaire, genome 114 (rc)	18711	1.0	1.0	1.27197904976	1.27197904976
ebola_zaire, genome 115	18791	1.0	1.0	1.30913735299	1.30913735299
ebola_zaire, genome 115 (rc)	18791	1.0	1.0	1.30913735299	1.30913735299
ebola_zaire, genome 116	18850	1.0	1.0	1.3474801061	1.3474801061
ebola_zaire, genome 116 (rc)	18850	1.0	1.0	1.3474801061	1.3474801061
ebola_zaire, genome 117	18954	1.0	1.0	1.53529597974	1.53529597974
ebola_zaire, genome 117 (rc)	18954	1.0	1.0	1.53529597974	1.53529597974
ebola_zaire, genome 118	18957	1.0	1.0	1.55087830353	1.55087830353
ebola_zaire, genome 118 (rc)	18957	1.0	1.0	1.55087830353	1.55087830353
ebola_zaire, genome 119	18878	1.0	1.0	1.40375039729	1.40375039729
ebola_zaire, genome 119 (rc)	18878	1.0	1.0	1.40375039729	1.40375039729
ebola_zaire, genome 120	18948	1.0	1.0	1.51467173316	1.51467173316
ebola_zaire, genome 120 (rc)	18948	1.0	1.0	1.51467173316	1.51467173316
ebola_zaire, genome 121	18957	1.0	1.0	1.55087830353	1.55087830353
ebola_zaire, genome 121 (rc)	18957	1.0	1.0	1.55087830353	1.55087830353
ebola_zaire, genome 122	18941	1.0	1.0	1.4835541946	1.4835541946
ebola_zaire, genome 122 (rc)	18941	1.0	1.0	1.4835541946	1.4835541946
ebola_zaire, genome 123	18951	1.0	1.0	1.51970872249	1.51970872249
ebola_zaire, genome 123 (rc)	18951	1.0	1.0	1.51970872249	1.51970872249
ebola_zaire, genome 124	18956	1.0	1.0	1.54568474362	1.54568474362
ebola_zaire, genome 124 (rc)	18956	1.0	1.0	1.54568474362	1.54568474362
ebola_zaire, genome 125	18946	1.0	1.0	1.50427530877	1.50427530877
ebola_zaire, genome 125 (rc)	18946	1.0	1.0	1.50427530877	1.50427530877
ebola_zaire, genome 126	18829	1.0	1.0	1.33305008232	1.33305008232
ebola_zaire, genome 126 (rc)	18829	1.0	1.0	1.33305008232	1.33305008232
ebola_zaire, genome 127	18921	1.0	1.0	1.43227102162	1.43227102162
ebola_zaire, genome 127 (rc)	18921	1.0	1.0	1.43227102162	1.43227102162
ebola_zaire, genome 128	18867	1.0	1.0	1.39396830445	1.39396830445
ebola_zaire, genome 128 (rc)	18867	1.0	1.0	1.39396830445	1.39396830445
ebola_zaire, genome 129	18919	1.0	1.0	1.5169934986	1.5169934986
ebola_zaire, genome 129 (rc)	18919	1.0	1.0	1.5169934986	1.5169934986
ebola_zaire, genome 130	18914	1.0	1.0	1.42751401079	1.42751401079
ebola_zaire, genome 130 (rc)	18914	1.0	1.0	1.42751401079	1.42751401079
ebola_zaire, genome 131	18915	1.0	1.0	1.49616706318	1.49616706318
ebola_zaire, genome 131 (rc)	18915	1.0	1.0	1.49616706318	1.49616706318
ebola_zaire, genome 132	18912	1.0	1.0	1.41708967851	1.41708967851
ebola_zaire, genome 132 (rc)	18912	1.0	1.0	1.41708967851	1.41708967851
ebola_zaire, genome 133	18886	1.0	1.0	1.41374563168	1.41374563168
ebola_zaire, genome 133 (rc)	18886	1.0	1.0	1.41374563168	1.41374563168
ebola_zaire, genome 134	18922	1.0	1.0	1.4374801818	1.4374801818
ebola_zaire, genome 134 (rc)	18922	1.0	1.0	1.4374801818	1.4374801818
ebola_zaire, genome 135	18953	1.0	1.0	1.5301007756	1.5301007756
ebola_zaire, genome 135 (rc)	18953	1.0	1.0	1.5301007756	1.5301007756
ebola_zaire, genome 136	18914	1.0	1.0	1.42751401079	1.42751401079
ebola_zaire, genome 136 (rc)	18914	1.0	1.0	1.42751401079	1.42751401079
ebola_zaire, genome 137	18915	1.0	1.0	1.43272535025	1.43272535025
ebola_zaire, genome 137 (rc)	18915	1.0	1.0	1.43272535025	1.43272535025
ebola_zaire, genome 138	18912	1.0	1.0	1.41708967851	1.41708967851
ebola_zaire, genome 138 (rc)	18912	1.0	1.0	1.41708967851	1.41708967851
ebola_zaire, genome 139	18873	1.0	1.0	1.38292799237	1.38292799237
ebola_zaire, genome 139 (rc)	18873	1.0	1.0	1.38292799237	1.38292799237
ebola2014, genome 0	18486	0.988556149733	1.00102886229	1.19251336898	1.20755943034
ebola2014, genome 0 (rc)	18486	0.988556149733	1.00102886229	1.19251336898	1.20755943034
ebola2014, genome 1	18957	1.0	1.0	1.55087830353	1.55087830353
ebola2014, genome 1 (rc)	18957	1.0	1.0	1.55087830353	1.55087830353
ebola2014, genome 2	18908	1.0	1.0	1.4279669981	1.4279669981
ebola2014, genome 2 (rc)	18908	1.0	1.0	1.4279669981	1.4279669981
ebola2014, genome 3	18952	1.0	1.0	1.52490502322	1.52490502322
ebola2014, genome 3 (rc)	18952	1.0	1.0	1.52490502322	1.52490502322
ebola2014, genome 4	18926	1.0	1.0	1.45302758111	1.45302758111
ebola2014, genome 4 (rc)	18926	1.0	1.0	1.45302758111	1.45302758111
ebola2014, genome 5	18915	1.0	1.0	1.44858577848	1.44858577848
ebola2014, genome 5 (rc)	18915	1.0	1.0	1.44858577848	1.44858577848
ebola2014, genome 6	18956	1.0	1.0	1.54568474362	1.54568474362
ebola2014, genome 6 (rc)	18956	1.0	1.0	1.54568474362	1.54568474362
ebola2014, genome 7	18932	1.0	1.0	1.46841326854	1.46841326854
ebola2014, genome 7 (rc)	18932	1.0	1.0	1.46841326854	1.46841326854
ebola2014, genome 8	18950	1.0	1.0	1.51978891821	1.51978891821
ebola2014, genome 8 (rc)	18950	1.0	1.0	1.51978891821	1.51978891821
ebola2014, genome 9	18948	1.0	1.0	1.50939413131	1.50939413131
ebola2014, genome 9 (rc)	18948	1.0	1.0	1.50939413131	1.50939413131
ebola2014, genome 10	18927	1.0	1.0	1.45823426851	1.45823426851
ebola2014, genome 10 (rc)	18927	1.0	1.0	1.45823426851	1.45823426851
ebola2014, genome 11	18769	1.0	1.0	1.3000159838	1.3000159838
ebola2014, genome 11 (rc)	18769	1.0	1.0	1.3000159838	1.3000159838
ebola2014, genome 12	18926	1.0	1.0	1.45302758111	1.45302758111
ebola2014, genome 12 (rc)	18926	1.0	1.0	1.45302758111	1.45302758111
ebola2014, genome 13	18893	0.999048173021	1.00021176346	1.40658875787	1.40822701043
ebola2014, genome 13 (rc)	18893	0.999048173021	1.00021176346	1.40658875787	1.40822701043
ebola2014, genome 14	18807	0.998513405893	1.00021273201	1.33262543138	1.33489336808
ebola2014, genome 14 (rc)	18807	0.998513405893	1.00021273201	1.33262543138	1.33489336808
ebola2014, genome 15	18613	1.0	1.0	1.24644065975	1.24644065975
ebola2014, genome 15 (rc)	18613	1.0	1.0	1.24644065975	1.24644065975
ebola2014, genome 16	18685	1.0	1.0	1.24698956382	1.24698956382
ebola2014, genome 16 (rc)	18685	1.0	1.0	1.24698956382	1.24698956382
ebola2014, genome 17	18926	1.0	1.0	1.45302758111	1.45302758111
ebola2014, genome 17 (rc)	18926	1.0	1.0	1.45302758111	1.45302758111
ebola2014, genome 18	18835	1.0	1.0	1.34855322538	1.34855322538
ebola2014, genome 18 (rc)	18835	1.0	1.0	1.34855322538	1.34855322538
ebola2014, genome 19	18939	1.0	1.0	1.47843075136	1.47843075136
ebola2014, genome 19 (rc)	18939	1.0	1.0	1.47843075136	1.47843075136
ebola2014, genome 20	18958	1.0	1.0	1.55607131554	1.55607131554
ebola2014, genome 20 (rc)	18958	1.0	1.0	1.55607131554	1.55607131554
ebola2014, genome 21	18923	1.0	1.0	1.44268879142	1.44268879142
ebola2014, genome 21 (rc)	18923	1.0	1.0	1.44268879142	1.44268879142
ebola2014, genome 22	18749	1.0	1.0	1.2854018881	1.2854018881
ebola2014, genome 22 (rc)	18749	1.0	1.0	1.2854018881	1.2854018881
ebola2014, genome 23	18956	1.0	1.0	1.54568474362	1.54568474362
ebola2014, genome 23 (rc)	18956	1.0	1.0	1.54568474362	1.54568474362
ebola2014, genome 24	18958	1.0	1.0	1.55607131554	1.55607131554
ebola2014, genome 24 (rc)	18958	1.0	1.0	1.55607131554	1.55607131554
ebola2014, genome 25	18915	1.0	1.0	1.43272535025	1.43272535025
ebola2014, genome 25 (rc)	18915	1.0	1.0	1.43272535025	1.43272535025
ebola2014, genome 26	18876	1.0	1.0	1.39330366603	1.39330366603
ebola2014, genome 26 (rc)	18876	1.0	1.0	1.39330366603	1.39330366603
ebola2014, genome 27	18945	1.0	1.0	1.50435471101	1.50435471101
ebola2014, genome 27 (rc)	18945	1.0	1.0	1.50435471101	1.50435471101
ebola2014, genome 28	18914	1.0	1.0	1.42751401079	1.42751401079
ebola2014, genome 28 (rc)	18914	1.0	1.0	1.42751401079	1.42751401079
ebola2014, genome 29	18921	1.0	1.0	1.5274034142	1.5274034142
ebola2014, genome 29 (rc)	18921	1.0	1.0	1.5274034142	1.5274034142
ebola2014, genome 30	18950	1.0	1.0	1.51978891821	1.51978891821
ebola2014, genome 30 (rc)	18950	1.0	1.0	1.51978891821	1.51978891821
ebola2014, genome 31	18945	1.0	1.0	1.50435471101	1.50435471101
ebola2014, genome 31 (rc)	18945	1.0	1.0	1.50435471101	1.50435471101
ebola2014, genome 32	18876	1.0	1.0	1.39330366603	1.39330366603
ebola2014, genome 32 (rc)	18876	1.0	1.0	1.39330366603	1.39330366603
ebola2014, genome 33	18932	1.0	1.0	1.46841326854	1.46841326854
ebola2014, genome 33 (rc)	18932	1.0	1.0	1.46841326854	1.46841326854
ebola2014, genome 34	18953	1.0	1.0	1.5301007756	1.5301007756
ebola2014, genome 34 (rc)	18953	1.0	1.0	1.5301007756	1.5301007756
ebola2014, genome 35	18950	1.0	1.0	1.51978891821	1.51978891821
ebola2014, genome 35 (rc)	18950	1.0	1.0	1.51978891821	1.51978891821
ebola2014, genome 36	18953	1.0	1.0	1.52482456603	1.52482456603
ebola2014, genome 36 (rc)	18953	1.0	1.0	1.52482456603	1.52482456603
ebola2014, genome 37	18953	1.0	1.0	1.5301007756	1.5301007756
ebola2014, genome 37 (rc)	18953	1.0	1.0	1.5301007756	1.5301007756
ebola2014, genome 38	18862	1.0	1.0	1.37313116319	1.37313116319
ebola2014, genome 38 (rc)	18862	1.0	1.0	1.37313116319	1.37313116319
ebola2014, genome 39	18925	1.0	1.0	1.44782034346	1.44782034346
ebola2014, genome 39 (rc)	18925	1.0	1.0	1.44782034346	1.44782034346
ebola2014, genome 40	18880	1.0	1.0	1.42478813559	1.42478813559
ebola2014, genome 40 (rc)	18880	1.0	1.0	1.42478813559	1.42478813559
ebola2014, genome 41	18948	1.0	1.0	1.50939413131	1.50939413131
ebola2014, genome 41 (rc)	18948	1.0	1.0	1.50939413131	1.50939413131
ebola2014, genome 42	18886	1.0	1.0	1.40845070423	1.40845070423
ebola2014, genome 42 (rc)	18886	1.0	1.0	1.40845070423	1.40845070423
ebola2014, genome 43	18799	1.0	1.0	1.33517740305	1.33517740305
ebola2014, genome 43 (rc)	18799	1.0	1.0	1.33517740305	1.33517740305
ebola2014, genome 44	18914	1.0	1.0	1.50153325579	1.50153325579
ebola2014, genome 44 (rc)	18914	1.0	1.0	1.50153325579	1.50153325579
ebola2014, genome 45	18921	1.0	1.0	1.4269858887	1.4269858887
ebola2014, genome 45 (rc)	18921	1.0	1.0	1.4269858887	1.4269858887
ebola2014, genome 46	18859	1.0	1.0	1.36274457819	1.36274457819
ebola2014, genome 46 (rc)	18859	1.0	1.0	1.36274457819	1.36274457819
ebola2014, genome 47	18830	1.0	1.0	1.33828996283	1.33828996283
ebola2014, genome 47 (rc)	18830	1.0	1.0	1.33828996283	1.33828996283
ebola2014, genome 48	18882	1.0	1.0	1.40874907319	1.40874907319
ebola2014, genome 48 (rc)	18882	1.0	1.0	1.40874907319	1.40874907319
ebola2014, genome 49	18921	1.0	1.0	1.43227102162	1.43227102162
ebola2014, genome 49 (rc)	18921	1.0	1.0	1.43227102162	1.43227102162
ebola2014, genome 50	18773	1.0	1.0	1.30506578597	1.30506578597
ebola2014, genome 50 (rc)	18773	1.0	1.0	1.30506578597	1.30506578597
ebola2014, genome 51	18812	1.0	1.0	1.32362321922	1.32362321922
ebola2014, genome 51 (rc)	18812	1.0	1.0	1.32362321922	1.32362321922
ebola2014, genome 52	18925	1.0	1.0	1.44782034346	1.44782034346
ebola2014, genome 52 (rc)	18925	1.0	1.0	1.44782034346	1.44782034346
ebola2014, genome 53	18945	1.0	1.0	1.49907627342	1.49907627342
ebola2014, genome 53 (rc)	18945	1.0	1.0	1.49907627342	1.49907627342
ebola2014, genome 54	18870	1.0	1.0	1.37784843667	1.37784843667
ebola2014, genome 54 (rc)	18870	1.0	1.0	1.37784843667	1.37784843667
ebola2014, genome 55	18912	1.0	1.0	1.41708967851	1.41708967851
ebola2014, genome 55 (rc)	18912	1.0	1.0	1.41708967851	1.41708967851
ebola2014, genome 56	18897	1.0	1.0	1.44996560301	1.44996560301
ebola2014, genome 56 (rc)	18897	1.0	1.0	1.44996560301	1.44996560301
ebola2014, genome 57	18811	1.0	1.0	1.32369358354	1.32369358354
ebola2014, genome 57 (rc)	18811	1.0	1.0	1.32369358354	1.32369358354
ebola2014, genome 58	18931	1.0	1.0	1.463208494	1.463208494
ebola2014, genome 58 (rc)	18931	1.0	1.0	1.463208494	1.463208494
ebola2014, genome 59	18890	1.0	1.0	1.42932768661	1.42932768661
ebola2014, genome 59 (rc)	18890	1.0	1.0	1.42932768661	1.42932768661
ebola2014, genome 60	18912	1.0	1.0	1.41708967851	1.41708967851
ebola2014, genome 60 (rc)	18912	1.0	1.0	1.41708967851	1.41708967851
ebola2014, genome 61	18949	1.0	1.0	1.51459179904	1.51459179904
ebola2014, genome 61 (rc)	18949	1.0	1.0	1.51459179904	1.51459179904
ebola2014, genome 62	18901	1.0	1.0	1.39146076927	1.39146076927
ebola2014, genome 62 (rc)	18901	1.0	1.0	1.39146076927	1.39146076927
ebola2014, genome 63	18959	1.0	1.0	1.56126377974	1.56126377974
ebola2014, genome 63 (rc)	18959	1.0	1.0	1.56126377974	1.56126377974
ebola2014, genome 64	18958	1.0	1.0	1.55607131554	1.55607131554
ebola2014, genome 64 (rc)	18958	1.0	1.0	1.55607131554	1.55607131554
ebola2014, genome 65	18925	1.0	1.0	1.44782034346	1.44782034346
ebola2014, genome 65 (rc)	18925	1.0	1.0	1.44782034346	1.44782034346
ebola2014, genome 66	18910	1.0	1.0	1.4066631412	1.4066631412
ebola2014, genome 66 (rc)	18910	1.0	1.0	1.4066631412	1.4066631412
ebola2014, genome 67	18876	1.0	1.0	1.39330366603	1.39330366603
ebola2014, genome 67 (rc)	18876	1.0	1.0	1.39330366603	1.39330366603
ebola2014, genome 68	18925	1.0	1.0	1.44782034346	1.44782034346
ebola2014, genome 68 (rc)	18925	1.0	1.0	1.44782034346	1.44782034346
ebola2014, genome 69	18803	1.0	1.0	1.32425676754	1.32425676754
ebola2014, genome 69 (rc)	18803	1.0	1.0	1.32425676754	1.32425676754
ebola2014, genome 70	18955	1.0	1.0	1.54049063572	1.54049063572
ebola2014, genome 70 (rc)	18955	1.0	1.0	1.54049063572	1.54049063572
ebola2014, genome 71	18937	1.0	1.0	1.47330622591	1.47330622591
ebola2014, genome 71 (rc)	18937	1.0	1.0	1.47330622591	1.47330622591
ebola2014, genome 72	18890	1.0	1.0	1.42932768661	1.42932768661
ebola2014, genome 72 (rc)	18890	1.0	1.0	1.42932768661	1.42932768661
ebola2014, genome 73	18711	1.0	1.0	1.27197904976	1.27197904976
ebola2014, genome 73 (rc)	18711	1.0	1.0	1.27197904976	1.27197904976
ebola2014, genome 74	18791	1.0	1.0	1.30913735299	1.30913735299
ebola2014, genome 74 (rc)	18791	1.0	1.0	1.30913735299	1.30913735299
ebola2014, genome 75	18850	1.0	1.0	1.3474801061	1.3474801061
ebola2014, genome 75 (rc)	18850	1.0	1.0	1.3474801061	1.3474801061
ebola2014, genome 76	18954	1.0	1.0	1.53529597974	1.53529597974
ebola2014, genome 76 (rc)	18954	1.0	1.0	1.53529597974	1.53529597974
ebola2014, genome 77	18957	1.0	1.0	1.55087830353	1.55087830353
ebola2014, genome 77 (rc)	18957	1.0	1.0	1.55087830353	1.55087830353
ebola2014, genome 78	18878	1.0	1.0	1.40375039729	1.40375039729
ebola2014, genome 78 (rc)	18878	1.0	1.0	1.40375039729	1.40375039729
ebola2014, genome 79	18948	1.0	1.0	1.51467173316	1.51467173316
ebola2014, genome 79 (rc)	18948	1.0	1.0	1.51467173316	1.51467173316
ebola2014, genome 80	18957	1.0	1.0	1.55087830353	1.55087830353
ebola2014, genome 80 (rc)	18957	1.0	1.0	1.55087830353	1.55087830353
ebola2014, genome 81	18941	1.0	1.0	1.4835541946	1.4835541946
ebola2014, genome 81 (rc)	18941	1.0	1.0	1.4835541946	1.4835541946
ebola2014, genome 82	18951	1.0	1.0	1.51970872249	1.51970872249
ebola2014, genome 82 (rc)	18951	1.0	1.0	1.51970872249	1.51970872249
ebola2014, genome 83	18956	1.0	1.0	1.54568474362	1.54568474362
ebola2014, genome 83 (rc)	18956	1.0	1.0	1.54568474362	1.54568474362
ebola2014, genome 84	18946	1.0	1.0	1.50427530877	1.50427530877
ebola2014, genome 84 (rc)	18946	1.0	1.0	1.50427530877	1.50427530877
ebola2014, genome 85	18829	1.0	1.0	1.33305008232	1.33305008232
ebola2014, genome 85 (rc)	18829	1.0	1.0	1.33305008232	1.33305008232
ebola2014, genome 86	18921	1.0	1.0	1.43227102162	1.43227102162
ebola2014, genome 86 (rc)	18921	1.0	1.0	1.43227102162	1.43227102162
ebola2014, genome 87	18867	1.0	1.0	1.39396830445	1.39396830445
ebola2014, genome 87 (rc)	18867	1.0	1.0	1.39396830445	1.39396830445
ebola2014, genome 88	18919	1.0	1.0	1.5169934986	1.5169934986
ebola2014, genome 88 (rc)	18919	1.0	1.0	1.5169934986	1.5169934986
ebola2014, genome 89	18914	1.0	1.0	1.42751401079	1.42751401079
ebola2014, genome 89 (rc)	18914	1.0	1.0	1.42751401079	1.42751401079
ebola2014, genome 90	18915	1.0	1.0	1.49616706318	1.49616706318
ebola2014, genome 90 (rc)	18915	1.0	1.0	1.49616706318	1.49616706318
ebola2014, genome 91	18912	1.0	1.0	1.41708967851	1.41708967851
ebola2014, genome 91 (rc)	18912	1.0	1.0	1.41708967851	1.41708967851
ebola2014, genome 92	18886	1.0	1.0	1.41374563168	1.41374563168
ebola2014, genome 92 (rc)	18886	1.0	1.0	1.41374563168	1.41374563168
ebola2014, genome 93	18922	1.0	1.0	1.4374801818	1.4374801818
ebola2014, genome 93 (rc)	18922	1.0	1.0	1.4374801818	1.4374801818
ebola2014, genome 94	18953	1.0	1.0	1.5301007756	1.5301007756
ebola2014, genome 94 (rc)	18953	1.0	1.0	1.5301007756	1.5301007756
ebola2014, genome 95	18914	1.0	1.0	1.42751401079	1.42751401079
ebola2014, genome 95 (rc)	18914	1.0	1.0	1.42751401079	1.42751401079
ebola2014, genome 96	18915	1.0	1.0	1.43272535025	1.43272535025
ebola2014, genome 96 (rc)	18915	1.0	1.0	1.43272535025	1.43272535025
ebola2014, genome 97	18873	1.0	1.0	1.38292799237	1.38292799237
ebola2014, genome 97 (rc)	18873	1.0	1.0	1.38292799237	1.38292799237
ebola2014, genome 98	18912	1.0	1.0	1.41708967851	1.41708967851
ebola2014, genome 98 (rc)	18912	1.0	1.0	1.41708967851	1.41708967851
